[{"args":[{"type":"Entity","translate":true},{"type":"float"},{"type":"float"},{"type":"float"},{"type":"BOOL"},{"type":"BOOL"},{"type":"BOOL"},{"type":"BOOL"}],"name":"SET_ENTITY_COORDS","hash":"0x06843DA7060A026B","ctx":{"type":"Entity","idx":0},"type":"ctx"},{"args":[{"type":"Entity","translate":true},{"type":"int"},{"type":"int"}],"name":"SET_VEHICLE_COLOURS","hash":"0x4F1D4BE3A7F24601","ctx":{"type":"Entity","idx":0},"type":"ctx"},{"args":[{"type":"Player","translate":true},{"type":"int"},{"type":"BOOL"}],"name":"SET_PLAYER_WANTED_LEVEL","hash":"0x39FF19C64EF7DA5B","ctx":{"type":"Player","idx":0},"type":"ctx"},{"args":[{"type":"Entity","translate":true},{"type":"Entity","translate":true},{"type":"int"}],"name":"SET_PED_INTO_VEHICLE","hash":"0xF75B0D629E1C063D","ctx":{"type":"Entity","idx":0},"type":"ctx"},{"args":[{"type":"Hash"},{"type":"float"},{"type":"float"},{"type":"float"},{"type":"float"},{"type":"BOOL"},{"type":"BOOL"}],"name":"CREATE_VEHICLE","hash":"0xAF35D0D2583051B0","type":"entity"}]
